{"cameraMode":{"drawMode":0,"name":"Shaded","section":"Shading Mode"},"sceneLighting":false,"audioPlay":false,"sceneViewState":{"m_AlwaysRefresh":false,"showFog":true,"showSkybox":false,"showFlares":true,"showImageEffects":true,"showParticleSystems":true,"showVisualEffectGraphs":true,"m_FxEnabled":true},"in2DMode":false,"pivot":{"x":-3.367542266845703,"y":6.255624771118164,"z":492.5428466796875},"rotation":{"x":0.037028782069683078,"y":0.9134414792060852,"z":-0.07059623301029206,"w":0.39194735884666445},"size":10.896947860717774,"orthographic":false}